"1","1.1","1.2","1.3","1.4","2","2.1","1636-69-001","1636-69-001.1","1636-69-001.2","1636-69-001.3","1636-69-001.4","1636-69-001.5","1636-69-001.6","1636-69-001.7","1636-69-026","1636-69-026.1","1636-69-026.2","Subject 1","Subject 2","Subject 2.1","Subject 2.2","Subject 2.3","Subject 2.4","Subject 3","Subject 4","Subject 4.1","Subject 4.2","Subject 4.3","Subject 4.4","Subject 5","Subject 5.1","Subject 5.2","Subject 5.3","Subject 5.4","Subject 5.5","7","7.1","43","2.2","15","11","11.1","8","44"
185.4,190.8,304.2,293.4,277.2,117,248.4,93,88,92,100,87,140,145,102,123,170,105,91,267,223,181,226,304,177,161,157,124,138,123,128,119,134,292,261,155,107,229,271,121,144,172,396,222,52
178.2,187.2,300.6,291.6,271.8,113.4,248.4,93,87,93,111,102,135,136,99,122,171,107,90,270,219,185,228,300,179,163,160,126,139,121,124,117,130,293,263,161,105,227,266,116,144,177,400,202,54
176.4,183.6,295.2,291.6,268.2,108,248.4,93,87,94,113,100,131,132,97,119,171,103,89,272,216,190,230,301,178,165,162,129,141,122,124,115,129,293,263,167,106,226,267,115,144,163,385,192,63
172.8,180,289.8,288,264.6,102.6,246.6,95,91,96,114,98,128,131,96,114,171,94,91,270,212,189,230,303,175,167,162,128,140,123,123,116,128,292,258,172,112,226,262,112,146,153,387,182,72
169.2,178.2,284.4,286.2,259.2,100.8,246.6,96,93,97,116,94,128,125,96,111,169,97,94,267,209,191,237,306,169,169,161,127,142,119,123,115,126,288,253,176,111,224,261,106,143,143,399,176,81
165.6,180,279,284.4,255.6,97.2,248.4,95,90,98,121,95,129,120,96,110,168,106,94,264,206,191,239,306,168,170,161,130,143,116,123,112,125,287,237,177,110,223,261,107,150,137,400,175,90
160.2,185.4,273.6,279,253.8,97.2,248.4,95,87,98,125,101,131,117,96,101,166,117,94,262,204,192,238,306,169,168,161,133,142,114,125,110,123,284,245,179,110,223,257,102,152,144,400,177,101
156.6,192.6,266.4,277.2,250.2,97.2,250.2,95,86,99,137,103,132,117,95,110,163,117,94,260,203,192,239,308,171,167,161,135,143,112,125,108,123,279,229,178,112,224,249,102,153,148,400,172,114
151.2,199.8,261,273.6,248.4,97.2,250.2,96,85,100,143,101,137,118,96,105,160,118,94,260,201,193,244,308,175,166,160,137,144,111,122,107,122,272,210,175,101,238,240,97,150,150,385,177,124
147.6,207,253.8,270,246.6,99,250.2,97,84,102,148,101,142,119,95,101,156,119,94,261,198,195,256,308,176,165,160,136,142,110,119,106,122,267,194,171,94,241,234,96,146,147,373,180,134
144,214.2,248.4,268.2,243,100.8,250.2,99,82,102,149,102,146,119,94,100,153,123,92,259,195,194,271,308,180,168,154,132,139,109,116,105,120,264,183,168,91,241,227,93,145,135,364,184,146
142.2,216,241.2,266.4,241.2,100.8,250.2,99,81,95,145,105,149,119,93,102,150,124,91,255,193,194,282,307,182,169,151,128,139,109,112,103,121,264,177,165,89,242,222,91,141,134,371,192,159
142.2,219.6,237.6,264.6,239.4,100.8,250.2,98,80,95,138,116,150,119,92,106,147,117,93,250,192,186,288,307,179,169,148,124,137,108,112,101,121,270,174,163,86,241,216,94,136,126,385,183,173
140.4,219.6,232.2,264.6,237.6,99,250.2,99,79,100,135,119,151,122,90,102,143,125,92,241,191,169,292,315,174,168,145,122,136,107,114,100,120,280,176,160,83,236,212,94,132,121,392,185,189
140.4,217.8,225,262.8,234,97.2,252,98,80,97,134,121,146,124,89,101,140,123,90,237,190,161,296,316,169,145,144,122,135,106,120,99,120,289,178,157,82,229,208,88,129,118,373,189,205
138.6,216,219.6,261,232.2,95.4,252,98,80,95,130,124,140,123,87,99,139,123,92,233,189,172,297,314,166,156,144,120,136,106,126,98,120,293,179,154,90,222,203,84,128,107,354,191,197
135,214.2,214.2,261,228.6,93.6,255.6,100,81,94,125,126,127,125,89,99,135,120,94,230,188,172,288,311,161,166,143,118,137,107,134,96,120,293,177,152,92,216,193,90,127,98,343,188,182
135,210.6,207,261,225,91.8,257.4,100,85,94,123,125,118,126,87,99,127,117,94,226,186,196,268,308,154,155,146,120,140,108,141,94,120,293,173,149,94,213,189,92,128,93,333,196,188
135,207,203.4,259.2,221.4,91.8,261,103,86,94,123,124,113,125,88,100,120,116,94,224,185,198,263,304,149,162,148,119,140,110,146,91,125,289,171,147,99,209,200,88,126,101,329,199,206
136.8,205.2,198,257.4,219.6,91.8,264.6,103,86,94,120,112,110,125,90,97,113,114,95,222,184,198,261,301,148,163,153,117,140,110,150,88,136,280,170,143,100,208,218,84,124,104,312,195,217
140.4,201.6,194.4,255.6,216,91.8,266.4,103,88,94,121,109,107,122,92,94,106,109,95,221,182,199,261,296,141,159,145,116,140,112,160,86,145,272,169,140,101,209,230,89,133,109,312,193,227
144,198,189,253.8,212.4,90,270,103,88,93,121,125,104,120,91,100,101,107,94,221,182,199,261,294,137,156,141,115,139,112,166,83,149,266,171,138,105,211,224,97,134,108,302,185,237
147.6,196.2,185.4,250.2,210.6,88.2,270,103,88,93,119,125,101,118,89,102,99,106,93,219,183,199,261,293,131,155,141,115,138,112,173,81,159,264,172,140,109,210,205,100,136,120,284,192,248
149.4,194.4,180,248.4,207,86.4,270,103,85,93,122,124,100,115,86,101,98,103,92,217,187,198,261,298,127,155,144,114,134,112,178,79,167,263,170,139,109,207,188,106,136,127,262,209,260
149.4,190.8,174.6,246.6,203.4,82.8,268.2,97,83,92,119,121,99,112,84,94,99,96,91,214,181,197,260,298,122,146,148,114,131,112,183,77,173,272,166,137,109,205,173,104,137,133,265,226,272
149.4,187.2,169.2,243,201.6,79.2,266.4,88,84,92,117,122,99,112,84,98,100,91,90,210,186,196,259,296,117,136,156,114,130,113,186,76,178,276,162,135,115,206,165,102,139,126,245,232,283
147.6,183.6,163.8,241.2,198,77.4,264.6,84,84,91,118,124,99,111,82,101,101,89,90,207,186,195,257,295,114,137,164,114,133,115,190,74,182,277,158,133,119,209,155,98,138,122,238,225,284
144,180,158.4,239.4,196.2,73.8,261,89,85,86,121,126,99,109,80,102,101,91,90,202,183,194,255,289,112,135,166,114,135,117,194,73,185,278,155,130,115,208,152,100,141,130,229,212,284
142.2,176.4,153,237.6,194.4,68.4,259.2,96,86,85,125,126,98,109,80,103,103,88,90,203,184,193,253,279,112,133,163,114,132,119,199,74,184,276,153,125,121,207,143,101,143,131,239,194,285
140.4,174.6,149.4,234,192.6,61.2,255.6,96,86,86,130,125,98,109,79,103,106,86,90,204,185,191,250,274,108,132,158,114,131,121,204,74,183,270,151,121,122,203,132,96,152,126,234,180,283
136.8,172.8,144,232.2,189,55.8,252,101,87,87,131,127,98,108,78,103,109,82,90,201,185,190,249,274,106,132,154,114,131,124,206,74,183,264,151,118,121,201,121,91,157,116,223,165,279
135,171,138.6,230.4,187.2,50.4,248.4,104,87,87,135,126,99,107,78,101,109,85,91,198,185,178,250,275,104,131,151,114,130,126,205,76,183,260,152,115,121,200,107,86,154,125,207,151,277
133.2,171,133.2,228.6,185.4,46.8,248.4,102,88,90,137,127,100,107,78,101,106,93,92,188,185,166,242,277,102,131,153,115,130,129,201,78,183,257,153,112,125,199,101,88,146,122,219,140,277
135,172.8,126,225,183.6,43.2,248.4,98,88,95,149,125,100,106,77,99,104,97,93,189,184,161,236,277,98,130,154,115,130,133,195,81,183,255,154,111,125,194,112,87,142,106,246,140,278
136.8,176.4,120.6,221.4,181.8,43.2,252,97,88,95,159,126,102,105,78,97,95,114,92,189,184,175,230,277,96,129,154,115,130,136,189,83,183,249,154,111,125,190,125,83,140,100,266,156,282
140.4,178.2,113.4,216,180,43.2,255.6,96,88,96,171,127,103,105,78,96,94,127,92,186,183,179,217,277,94,128,155,116,129,137,184,87,184,240,152,109,122,187,119,84,147,98,252,164,286
144,180,106.2,212.4,178.2,45,259.2,95,87,98,187,123,103,106,79,94,96,145,92,184,182,178,212,277,95,127,155,118,129,138,184,91,186,232,149,107,122,183,106,82,155,96,231,156,288
149.4,183.6,100.8,207,176.4,46.8,259.2,95,87,96,201,123,102,106,79,98,97,154,91,181,182,174,219,275,95,126,156,119,134,138,186,93,185,227,145,105,123,180,94,80,152,98,233,151,290
153,183.6,95.4,203.4,172.8,46.8,259.2,94,87,92,213,120,104,106,79,96,97,147,91,179,182,160,219,274,95,124,157,120,136,137,187,98,184,222,140,104,129,177,84,80,143,98,223,134,292
156.6,183.6,91.8,199.8,171,46.8,259.2,97,82,92,219,117,100,106,79,93,98,140,91,174,180,154,217,275,96,127,157,122,139,135,188,101,181,222,137,103,135,175,76,77,131,97,205,119,297
156.6,180,86.4,196.2,169.2,45,259.2,92,85,92,219,110,97,105,78,93,98,133,91,169,177,159,211,249,97,127,157,125,142,134,188,105,179,224,135,101,138,174,78,79,126,104,184,106,301
158.4,178.2,82.8,194.4,165.6,43.2,259.2,92,90,91,214,108,95,99,78,92,99,123,90,167,168,158,211,237,98,126,157,128,137,133,186,110,177,225,133,100,137,179,80,88,140,111,163,97,303
158.4,174.6,79.2,192.6,163.8,43.2,261,91,90,91,220,107,94,98,78,92,98,116,91,165,159,165,210,239,99,124,158,128,135,133,183,112,176,225,129,98,140,186,80,100,137,107,159,89,309
158.4,171,75.6,192.6,160.2,41.4,262.8,86,89,91,222,99,95,99,80,90,98,115,91,164,157,166,207,235,93,120,158,128,137,133,179,115,178,222,127,96,146,177,77,112,126,109,142,94,317
160.2,167.4,73.8,192.6,158.4,39.6,264.6,85,89,92,243,96,96,98,82,112,100,114,92,163,155,163,203,231,97,118,158,128,139,132,174,117,181,219,125,94,150,170,76,127,115,107,147,106,320
163.8,163.8,70.2,189,156.6,39.6,264.6,85,89,97,250,97,97,100,85,117,101,113,92,163,158,161,200,229,95,117,158,128,138,130,167,120,184,216,123,93,139,164,75,141,111,102,147,119,325
167.4,158.4,68.4,189,153,39.6,264.6,85,89,101,246,99,103,103,84,124,101,112,93,166,165,159,198,227,95,116,158,127,138,128,162,125,184,213,121,92,132,158,74,147,125,100,147,118,327
171,154.8,64.8,187.2,151.2,39.6,262.8,92,88,101,247,101,102,102,84,130,100,110,94,164,159,157,196,226,95,117,148,127,135,128,159,130,183,212,119,92,131,153,76,137,140,92,165,109,326
176.4,151.2,63,185.4,151.2,39.6,261,90,88,102,243,91,103,100,83,135,102,109,96,159,160,156,203,229,95,119,151,127,134,129,156,135,182,213,118,91,134,150,76,129,154,99,176,118,325
180,147.6,61.2,183.6,149.4,39.6,261,92,88,102,210,82,103,101,82,142,102,108,96,160,159,155,205,227,95,120,154,127,137,127,154,139,180,215,117,92,136,141,73,132,142,97,171,132,327
185.4,144,57.6,180,147.6,39.6,261,99,87,102,201,78,103,101,80,146,102,106,96,164,158,143,204,224,97,120,155,127,141,123,152,142,178,217,115,90,134,140,72,137,137,95,159,143,325
187.2,142.2,55.8,178.2,145.8,39.6,261,103,82,103,191,76,104,100,85,148,101,105,95,164,157,153,201,222,96,120,156,127,147,121,151,145,176,215,114,89,139,143,69,144,132,89,152,131,328
190.8,140.4,54,174.6,144,39.6,262.8,108,81,103,188,74,103,100,85,148,100,104,95,164,158,151,198,219,95,121,157,127,146,119,149,147,175,214,112,89,148,141,68,148,140,83,140,121,327
194.4,140.4,52.2,171,144,39.6,262.8,115,83,104,184,75,103,102,85,147,100,104,94,164,159,146,196,217,95,121,157,127,145,118,147,148,172,212,109,90,152,138,70,149,153,83,128,131,328
194.4,142.2,50.4,165.6,142.2,39.6,264.6,121,85,104,180,77,103,102,86,142,99,105,94,163,160,147,195,217,101,123,158,126,144,118,144,149,170,209,102,89,146,136,74,150,144,77,108,145,329
194.4,142.2,48.6,162,140.4,39.6,264.6,129,86,101,178,85,104,101,86,138,96,105,94,162,161,143,193,214,114,124,166,125,144,121,141,149,168,206,100,89,144,135,73,153,139,73,88,136,332
194.4,142.2,46.8,156.6,138.6,39.6,264.6,136,86,101,167,99,106,100,87,137,99,106,94,161,163,148,191,210,123,121,166,125,143,128,138,149,166,203,100,88,143,135,73,154,137,70,81,121,334
192.6,142.2,46.8,153,136.8,39.6,264.6,144,86,99,152,102,107,100,88,146,101,106,93,160,163,145,188,217,137,119,167,125,144,135,134,149,163,199,100,89,152,135,76,149,131,69,81,108,335
,140.4,45,151.2,133.2,39.6,264.6,144,84,98,132,103,107,100,90,143,102,106,93,159,163,141,185,221,174,118,166,124,142,138,130,150,162,195,100,89,162,141,77,154,129,63,93,95,329
,138.6,43.2,149.4,131.4,39.6,261,144,84,96,116,103,107,100,90,141,103,105,93,158,162,138,182,218,169,128,165,124,137,142,127,150,160,192,101,89,158,153,75,162,116,60,102,83,318
,135,43.2,147.6,129.6,39.6,259.2,142,81,96,111,104,105,99,91,139,103,102,93,158,162,142,181,215,183,138,163,124,135,146,123,151,158,188,104,89,146,162,73,164,104,57,94,76,318
,133.2,43.2,144,126,39.6,257.4,136,80,97,107,104,104,95,91,136,104,100,93,157,162,144,177,216,200,135,156,125,135,148,120,151,157,185,107,90,143,158,72,164,99,55,95,75,311
,131.4,43.2,144,124.2,39.6,255.6,128,82,97,105,104,103,97,91,132,104,99,94,152,159,145,173,225,215,136,150,125,136,150,118,151,155,183,109,90,153,156,71,161,99,56,81,75,304
,127.8,45,142.2,122.4,39.6,252,122,76,96,100,105,103,96,91,128,104,100,96,156,161,144,173,228,229,140,152,123,137,153,116,153,154,181,110,90,158,154,71,160,90,59,70,74,293
,126,45,142.2,120.6,39.6,248.4,119,76,97,100,104,103,96,91,124,104,92,97,157,161,144,171,229,240,142,154,122,137,154,114,154,153,178,112,91,149,152,73,157,83,68,70,72,294
,124.2,45,140.4,118.8,39.6,244.8,117,75,97,100,104,103,97,89,121,99,93,99,157,158,143,171,229,251,152,157,121,137,156,112,154,151,176,115,92,141,155,74,159,77,80,73,73,288
,124.2,45,138.6,117,39.6,241.2,116,80,96,100,105,102,97,85,118,98,95,100,157,159,141,170,228,258,151,160,121,140,156,110,155,149,173,118,93,142,153,78,160,79,91,89,77,280
,122.4,45,135,115.2,39.6,235.8,116,86,96,100,105,102,97,83,117,100,103,100,157,158,136,172,227,263,154,162,120,147,156,108,154,146,170,119,93,142,152,86,162,71,105,105,82,271
,122.4,45,133.2,115.2,39.6,232.2,117,85,97,98,104,102,98,81,113,107,110,100,154,158,135,168,225,265,155,165,120,151,157,107,154,146,166,118,94,142,150,87,164,64,117,117,78,270
,120.6,45,131.4,113.4,39.6,226.8,118,82,99,99,104,103,98,81,110,117,108,99,156,158,139,169,224,268,155,166,119,154,156,106,153,144,162,118,94,143,149,79,168,64,121,126,72,264
,118.8,43.2,129.6,113.4,39.6,221.4,118,81,101,102,107,105,99,79,108,127,107,99,158,159,141,179,213,270,154,165,119,155,154,106,153,143,159,120,95,150,149,75,164,67,124,139,71,257
,117,43.2,127.8,113.4,39.6,216,117,82,103,106,104,102,99,78,107,134,116,99,160,159,144,180,219,273,154,164,119,154,152,105,152,143,157,119,95,159,147,76,161,62,125,146,73,250
,115.2,43.2,126,113.4,39.6,212.4,116,83,105,105,100,100,99,75,106,139,130,99,160,160,146,182,218,277,155,162,119,150,152,105,151,142,158,120,97,163,145,79,163,62,124,149,76,250
,113.4,43.2,124.2,111.6,39.6,205.2,115,85,106,99,91,105,93,72,106,141,141,99,159,162,147,184,216,279,156,162,118,148,152,104,150,142,157,119,97,171,143,83,166,62,116,141,79,246
,111.6,41.4,122.4,111.6,39.6,198,114,82,107,103,77,107,91,79,105,142,145,100,158,163,148,185,215,281,156,161,118,149,151,103,149,141,155,119,98,178,141,89,158,63,107,131,78,243
,109.8,41.4,120.6,109.8,39.6,192.6,113,100,106,107,72,107,90,79,106,143,149,101,152,164,149,186,213,280,157,160,118,151,151,101,149,141,153,119,98,178,138,89,142,60,104,129,89,244
,106.2,41.4,117,111.6,39.6,183.6,112,95,108,103,78,108,98,76,106,145,140,100,152,165,150,187,209,281,158,161,117,156,150,100,148,141,153,120,99,181,137,89,150,60,101,132,99,241
,104.4,39.6,117,113.4,39.6,178.2,111,94,109,99,78,109,96,73,104,146,139,99,150,166,152,188,203,281,158,162,119,156,148,98,148,141,154,121,99,185,134,98,160,60,95,132,95,235
,102.6,39.6,118.8,120.6,39.6,171,110,96,111,96,85,111,96,74,104,147,132,99,156,165,154,190,191,281,158,162,121,154,143,96,147,141,154,122,100,189,121,105,156,63,94,136,89,229
,100.8,39.6,124.2,129.6,39.6,167.4,109,96,113,102,103,116,101,75,105,147,123,101,151,165,156,190,189,281,159,164,123,151,140,94,146,139,154,124,100,189,108,107,153,64,96,132,83,223
,99,39.6,131.4,142.2,39.6,165.6,106,97,115,113,105,115,101,74,108,146,124,102,156,169,159,192,198,280,161,161,126,146,138,93,145,138,151,126,101,191,96,111,148,64,92,130,78,218
,97.2,39.6,140.4,158.4,39.6,165.6,103,99,118,125,106,115,100,73,112,144,127,102,160,170,161,195,200,279,162,159,121,143,135,92,145,139,150,127,102,196,86,123,149,65,80,132,74,217
,95.4,39.6,149.4,176.4,39.6,167.4,101,100,119,116,106,111,100,74,114,142,131,103,162,162,162,198,200,278,161,159,120,140,133,92,144,140,150,128,102,197,81,125,157,67,71,129,73,215
,93.6,39.6,158.4,192.6,39.6,171,99,101,111,149,106,102,89,75,114,139,135,102,163,148,162,192,199,279,162,150,120,138,131,91,144,141,151,129,102,198,85,124,161,65,69,125,71,222
,91.8,39.6,162,210.6,39.6,178.2,97,101,108,142,107,92,80,74,113,135,139,102,165,150,165,197,197,273,164,144,121,138,128,90,144,142,150,131,102,212,95,124,164,63,63,107,71,228
,91.8,39.6,162,225,39.6,183.6,96,103,108,142,109,92,84,73,112,127,141,102,167,170,165,198,196,272,167,142,122,137,126,89,144,143,150,133,102,215,106,122,165,60,63,101,70,239
,93.6,39.6,162,237.6,39.6,189,92,104,107,122,107,95,89,73,110,119,142,103,167,172,161,198,197,276,174,142,123,137,124,88,144,141,151,135,103,227,112,114,166,62,59,100,70,248
,97.2,39.6,158.4,246.6,39.6,192.6,91,104,108,117,107,96,91,71,109,114,142,103,167,173,160,199,198,280,172,142,124,137,124,88,145,141,153,137,105,222,110,107,162,62,57,104,71,259
,102.6,39.6,153,252,48.6,190.8,90,106,108,110,109,97,92,72,107,115,141,103,169,172,161,200,199,286,172,144,125,139,124,87,144,140,155,138,106,212,108,113,161,63,56,101,72,258
,106.2,39.6,149.4,253.8,63,187.2,90,109,108,105,109,99,95,76,107,114,138,103,172,170,161,205,200,291,172,148,125,141,125,87,145,140,157,140,107,194,108,122,169,64,56,99,75,255
,109.8,39.6,147.6,253.8,81,178.2,92,116,106,99,110,102,98,78,106,111,136,104,175,170,161,209,201,295,170,149,125,139,125,88,145,141,158,142,107,178,119,122,174,67,59,94,79,251
,109.8,39.6,145.8,250.2,102.6,169.2,93,125,108,85,110,106,102,77,106,108,133,105,178,169,168,213,201,298,169,148,125,137,125,89,146,141,160,146,107,163,120,120,177,68,67,82,83,250
,109.8,39.6,144,246.6,124.2,156.6,94,138,109,80,110,108,101,75,106,109,129,106,181,169,167,216,202,300,169,144,122,133,124,90,147,140,161,149,107,153,121,121,177,72,78,72,96,248
,111.6,39.6,144,243,145.8,142.2,94,146,109,87,110,108,102,67,105,107,126,106,184,168,166,217,203,304,168,131,121,131,124,90,147,140,162,152,107,158,124,121,171,75,85,63,109,246
,115.2,39.6,142.2,241.2,165.6,127.8,95,155,109,87,107,108,99,64,104,102,123,108,186,174,164,219,205,282,165,122,120,129,122,89,148,139,162,155,107,160,126,114,169,79,99,65,121,243
,120.6,41.4,138.6,239.4,183.6,113.4,93,165,111,,105,114,103,67,104,99,110,109,188,175,162,218,206,275,164,127,120,127,122,108,154,137,164,158,108,157,126,114,169,82,113,75,135,243
,127.8,41.4,133.2,235.8,198,97.2,91,179,114,,98,111,102,70,104,100,109,108,190,175,163,220,203,271,160,124,119,127,122,111,158,136,166,159,108,157,127,117,171,88,119,84,152,244
,135,39.6,127.8,230.4,210.6,82.8,89,190,114,,91,111,103,76,103,99,112,108,190,176,164,220,201,,156,121,118,127,124,115,160,201,168,161,108,148,133,116,172,92,118,83,167,247
,144,39.6,120.6,221.4,221.4,68.4,88,194,115,,97,116,100,80,103,102,113,106,191,176,162,221,200,,161,118,118,125,125,117,161,218,169,162,106,145,137,117,170,96,116,83,173,240
,151.2,39.6,113.4,212.4,228.6,57.6,87,190,115,,102,119,100,80,104,108,113,105,190,160,165,222,203,,161,120,118,123,125,122,162,215,169,162,152,157,143,113,166,98,110,76,159,247
,156.6,39.6,106.2,201.6,232.2,50.4,85,183,117,,107,129,99,82,104,116,114,104,190,165,167,225,208,,161,123,119,120,126,141,163,211,168,162,155,171,143,111,164,99,107,79,142,256
,160.2,39.6,100.8,190.8,230.4,43.2,84,170,120,,110,143,97,81,104,125,110,105,186,167,163,226,209,,161,123,122,119,127,197,164,204,166,161,157,165,144,109,162,101,102,84,132,260
,162,39.6,95.4,180,223.2,41.4,84,156,124,,113,155,97,81,102,133,112,105,181,170,166,231,209,,159,123,121,118,128,217,165,200,164,160,158,151,144,107,162,100,92,75,124,266
,163.8,39.6,91.8,171,214.2,39.6,82,143,130,,114,169,98,81,104,139,111,107,181,173,171,230,209,,159,126,121,116,128,232,166,197,164,160,157,141,148,104,161,99,85,70,116,267
,165.6,39.6,86.4,162,203.4,39.6,83,132,137,,115,175,103,82,102,145,108,109,182,175,171,226,207,,161,128,122,114,128,242,169,193,164,160,158,148,153,107,159,98,73,67,108,266
,165.6,39.6,84.6,153,192.6,39.6,83,122,145,,115,177,110,80,106,151,107,112,185,176,170,226,205,,160,131,124,114,128,249,177,189,162,159,159,161,157,120,153,97,66,58,99,264
,167.4,39.6,81,147.6,181.8,39.6,84,115,153,,114,175,123,80,108,154,105,113,181,177,170,224,208,,165,134,123,114,129,255,189,189,162,159,161,175,157,129,,96,60,53,96,262
,167.4,41.4,77.4,140.4,172.8,39.6,84,110,158,,114,173,132,79,105,157,104,114,183,183,171,224,211,,142,129,118,111,130,259,226,188,160,158,163,190,,119,,96,55,43,100,260
,167.4,45,75.6,133.2,165.6,39.6,85,105,167,,114,173,140,80,106,160,104,122,184,185,175,225,209,,140,123,116,109,131,263,246,186,158,157,165,208,,105,,95,50,40,107,261
,167.4,50.4,73.8,126,158.4,39.6,85,102,175,,111,171,145,83,107,158,105,123,183,182,177,224,206,,125,120,114,109,132,267,244,183,157,160,166,220,,94,,95,52,40,119,257
,165.6,55.8,75.6,117,149.4,39.6,86,98,181,,109,169,143,85,121,153,106,122,185,184,176,223,204,,127,118,111,109,133,265,261,184,158,160,167,235,,93,,94,53,41,133,258
,165.6,61.2,77.4,109.8,140.4,43.2,84,99,186,,103,166,141,86,128,147,107,120,189,186,175,223,202,,126,115,125,110,131,263,275,183,160,162,166,236,,87,,94,52,48,146,253
,163.8,63,81,100.8,131.4,50.4,81,99,191,,102,165,139,88,135,140,107,120,190,189,174,222,206,,125,115,124,111,132,262,287,179,162,162,167,237,,80,,94,52,48,135,252
,162,64.8,86.4,91.8,120.6,59.4,79,98,196,,107,165,132,92,138,133,107,119,190,193,170,221,206,,124,114,122,111,132,259,296,177,162,163,168,241,,83,,95,52,47,121,245
,162,63,93.6,84.6,111.6,70.2,79,97,194,,107,165,126,97,137,126,101,119,191,195,170,218,205,,125,109,122,110,132,249,304,175,165,165,170,236,,80,,95,48,46,108,243
,160.2,61.2,99,79.2,102.6,81,79,97,191,,108,165,122,104,137,120,103,118,191,198,169,218,205,,130,103,120,110,131,240,312,176,171,167,172,240,,88,,97,51,49,96,240
,160.2,61.2,106.2,73.8,93.6,90,79,99,186,,108,165,124,113,140,115,104,116,194,201,171,219,206,,132,99,120,113,132,231,319,177,176,168,172,248,,90,,98,49,43,86,237
,158.4,59.4,113.4,72,86.4,97.2,78,99,181,,109,161,120,120,143,110,105,116,194,204,171,221,206,,124,95,121,121,132,222,322,184,184,169,172,248,,85,,99,50,41,81,234
,158.4,59.4,120.6,72,77.4,100.8,78,97,175,,109,156,116,125,149,107,106,113,193,206,172,221,207,,126,92,119,127,129,216,325,194,193,169,170,242,,77,,97,49,40,74,231
,160.2,61.2,127.8,73.8,68.4,102.6,79,97,166,,111,152,109,126,158,104,108,106,196,207,172,219,208,,126,90,118,132,128,212,326,198,201,171,169,247,,77,,97,51,40,73,224
,160.2,63,133.2,77.4,61.2,100.8,81,97,155,,112,150,105,126,161,101,109,106,196,210,171,215,208,,125,91,125,133,130,205,328,200,208,171,170,258,,78,,97,55,41,70,215
,165.6,66.6,138.6,82.8,55.8,95.4,86,99,147,,110,143,104,123,160,94,109,105,197,211,173,206,212,,129,92,125,133,130,195,329,203,220,171,179,269,,75,,95,55,40,69,213
,169.2,68.4,140.4,88.2,50.4,91.8,89,99,137,,113,140,101,118,160,90,109,103,196,212,174,201,214,,131,94,121,134,126,187,330,207,224,175,187,268,,72,,93,52,41,69,209
,178.2,70.2,138.6,93.6,50.4,88.2,91,99,129,,115,141,102,111,159,90,108,101,194,213,173,199,217,,130,97,121,135,127,181,330,214,228,187,182,262,,70,,93,55,49,69,207
,187.2,73.8,133.2,95.4,54,82.8,93,97,124,,115,140,97,106,160,90,109,100,195,211,174,197,220,,131,100,122,133,128,178,330,218,236,205,194,266,,70,,91,60,50,70,206
,199.8,75.6,126,97.2,61.2,79.2,96,97,118,,113,141,97,101,159,91,109,99,195,210,174,197,221,,130,101,121,132,126,174,331,217,244,225,211,275,,69,,91,59,44,70,199
,212.4,79.2,117,97.2,75.6,77.4,98,97,112,,112,138,96,96,157,92,109,99,196,202,172,196,220,,127,102,121,130,124,168,330,216,254,246,229,272,,67,,92,58,40,70,202
,226.8,86.4,109.8,95.4,93.6,75.6,97,96,108,,110,134,94,91,150,94,109,96,197,195,171,195,218,,119,103,121,128,126,164,325,215,263,264,246,271,,67,,93,64,42,70,201
,239.4,93.6,102.6,91.8,113.4,73.8,95,96,106,,111,130,93,88,143,96,109,94,198,192,171,195,220,,109,104,120,125,125,161,318,212,266,284,260,266,,66,,95,76,40,71,199
,250.2,100.8,95.4,90,129.6,73.8,96,95,105,,110,123,88,86,135,98,109,92,197,190,170,193,217,,98,103,119,125,121,157,313,209,272,306,270,255,,66,,99,79,43,73,195
,257.4,109.8,88.2,86.4,140.4,73.8,94,96,103,,118,120,90,83,128,97,108,91,196,189,168,191,213,,90,104,118,124,116,153,309,127,282,331,292,245,,64,,100,79,59,72,193
,259.2,117,82.8,82.8,147.6,72,92,97,100,,132,117,91,81,117,97,106,92,197,187,168,189,211,,82,104,118,120,112,150,304,122,278,347,298,241,,63,,102,76,69,71,189
,259.2,126,77.4,79.2,149.4,70.2,90,99,99,,148,114,88,81,113,98,104,94,197,184,165,197,209,,78,104,116,109,111,145,301,119,282,355,304,236,,62,,104,78,83,70,188
,257.4,135,73.8,75.6,151.2,70.2,89,99,100,,161,111,87,79,108,98,104,94,199,185,166,198,207,,81,103,113,101,111,144,301,115,279,361,309,232,,60,,105,80,97,70,188
,255.6,144,70.2,73.8,153,68.4,86,97,99,,167,108,87,78,105,99,104,94,201,185,165,198,205,,82,102,112,94,109,151,294,114,274,364,312,230,,61,,105,81,107,71,195
,253.8,153,68.4,70.2,158.4,66.6,84,96,98,,173,107,89,78,103,99,105,94,199,184,166,195,204,,86,101,110,90,105,164,288,113,271,364,307,,,62,,105,79,102,75,188
,255.6,160.2,66.6,68.4,162,64.8,84,95,98,,175,104,92,77,102,100,105,91,200,185,165,191,201,,90,100,109,89,100,175,282,114,274,359,303,,,64,,105,81,98,79,175
,257.4,167.4,64.8,68.4,163.8,61.2,82,98,99,,171,103,93,78,101,99,105,91,198,186,165,186,198,,93,99,110,88,102,182,275,118,275,352,302,,,65,,103,80,96,80,177
,259.2,174.6,61.2,66.6,163.8,61.2,81,100,100,,169,102,88,78,100,99,106,91,199,186,164,184,199,,95,100,109,87,99,184,270,131,275,343,301,,,67,,103,86,109,80,169
,261,178.2,59.4,64.8,160.2,61.2,81,105,98,,174,102,92,78,99,100,106,103,199,185,164,184,196,,96,100,108,87,101,186,262,142,273,335,297,,,68,,103,91,114,79,159
,264.6,181.8,57.6,64.8,156.6,64.8,80,107,99,,181,101,93,78,100,101,106,104,199,184,164,181,194,,95,100,107,85,107,189,251,155,272,328,288,,,68,,103,93,112,82,154
,264.6,183.6,55.8,64.8,149.4,68.4,78,110,99,,178,102,91,78,104,103,106,102,199,182,163,178,190,,91,101,104,84,104,190,240,171,271,322,278,,,69,,103,91,119,78,152
,264.6,183.6,52.2,63,142.2,79.2,80,116,98,,175,101,92,80,106,103,107,99,198,180,163,175,185,,85,101,102,82,103,190,233,188,268,307,274,,,,,102,88,118,79,151
,262.8,181.8,50.4,61.2,135,93.6,81,126,98,,167,102,96,79,107,103,107,102,198,178,162,173,181,,81,103,101,80,101,189,230,206,264,293,268,,,,,102,85,109,78,148
,259.2,180,48.6,63,129.6,109.8,83,139,99,,159,103,97,75,107,102,106,102,198,174,161,174,176,,79,104,96,80,101,187,227,222,258,288,261,,,,,103,84,104,78,139
,257.4,178.2,46.8,63,122.4,129.6,84,146,99,,151,104,101,78,108,103,106,104,195,171,161,175,172,,79,104,98,81,100,188,226,234,252,282,254,,,,,101,80,98,80,130
,252,176.4,45,64.8,115.2,147.6,86,152,99,,144,104,111,80,108,102,105,105,192,169,160,177,171,,79,106,99,80,99,192,222,242,246,275,250,,,,,99,78,90,82,121
,248.4,174.6,45,68.4,111.6,162,86,152,97,,134,104,121,80,109,102,105,112,191,168,159,180,166,,81,109,96,79,101,196,219,249,239,264,245,,,,,101,79,85,85,113
,243,171,45,72,108,176.4,86,147,97,,127,104,123,82,105,103,105,112,191,166,158,180,161,,80,115,92,80,101,203,215,254,233,250,240,,,,,102,81,80,88,108
,241.2,171,46.8,75.6,104.4,187.2,87,140,96,,123,104,128,84,106,103,104,112,188,166,157,180,162,,80,124,88,82,104,208,210,259,226,237,236,,,,,101,78,73,90,104
,239.4,171,46.8,82.8,102.6,198,85,137,96,,120,104,133,85,106,100,103,120,185,166,155,181,170,,81,135,86,82,107,211,206,266,219,224,235,,,,,99,79,61,93,110
,237.6,171,48.6,88.2,99,205.2,84,135,95,,121,103,136,83,107,103,102,126,184,166,154,176,169,,81,145,83,82,109,208,203,271,208,213,238,,,,,99,79,57,90,120
,234,174.6,52.2,97.2,97.2,212.4,84,135,95,,127,101,137,84,107,105,103,127,185,170,152,175,170,,80,152,82,84,113,202,199,279,205,204,239,,,,,97,79,56,101,
,230.4,178.2,55.8,108,95.4,216,84,135,101,,132,101,137,84,108,107,104,126,187,168,151,176,169,,79,156,82,86,117,197,194,286,207,199,237,,,,,96,78,57,,
,226.8,183.6,59.4,117,95.4,221.4,85,135,107,,132,108,135,84,110,108,105,130,187,168,149,173,169,,78,157,81,88,117,192,186,294,215,192,233,,,,,96,76,56,,
,221.4,189,66.6,127.8,100.8,223.2,85,132,113,,137,117,129,82,109,108,103,133,189,169,148,169,178,,78,158,80,89,118,188,180,298,221,183,226,,,,,,,66,,
,217.8,196.2,72,138.6,108,225,86,129,114,,137,127,123,81,108,110,103,136,190,171,147,166,182,,78,157,79,91,119,186,176,302,223,176,217,,,,,,,77,,
,214.2,201.6,79.2,144,118.8,225,86,127,118,,134,136,116,82,104,112,100,140,191,168,146,162,182,,80,153,82,92,118,187,176,304,219,171,199,,,,,,,,,
,212.4,203.4,88.2,151.2,131.4,225,86,123,122,,127,146,111,83,106,113,95,141,190,167,145,159,186,,81,147,84,93,118,193,184,305,211,168,186,,,,,,,,,
,210.6,205.2,97.2,154.8,142.2,221.4,87,120,127,,120,154,106,83,108,113,97,143,191,165,143,158,187,,84,139,83,94,117,198,179,300,206,151,179,,,,,,,,,
,207,208.8,106.2,156.6,151.2,216,87,118,133,,112,159,101,83,112,115,96,144,192,165,143,156,192,,85,132,84,94,111,204,189,297,198,139,174,,,,,,,,,
,205.2,212.4,113.4,154.8,154.8,210.6,86,116,140,,108,164,98,85,108,115,99,143,193,165,140,155,196,,85,125,84,93,102,211,204,295,190,134,169,,,,,,,,,
,201.6,216,120.6,153,153,205.2,86,116,144,,107,167,97,87,115,114,101,144,193,167,138,153,200,,88,121,83,93,93,217,220,294,184,121,163,,,,,,,,,
,198,219.6,126,151.2,147.6,201.6,86,116,149,,107,169,95,90,126,108,105,147,192,169,137,153,203,,89,118,85,93,87,223,236,288,179,113,158,,,,,,,,,
,194.4,223.2,131.4,147.6,138.6,198,85,113,150,,110,165,93,88,135,101,110,150,189,173,135,151,208,,93,121,85,93,85,230,250,282,168,107,151,,,,,,,,,
,190.8,225,136.8,142.2,126,198,84,111,148,,115,163,94,88,142,96,115,155,189,173,135,149,212,,93,124,84,93,85,235,275,278,161,103,145,,,,,,,,,
,187.2,225,140.4,138.6,117,198,84,106,144,,119,160,94,89,152,95,123,154,190,173,137,150,221,,93,125,86,94,87,240,281,275,148,99,137,,,,,,,,,
,183.6,226.8,142.2,133.2,106.2,201.6,83,100,142,,118,163,92,87,160,97,128,152,191,177,142,151,220,,94,121,86,95,88,245,283,274,146,95,131,,,,,,,,,
,181.8,228.6,144,129.6,97.2,201.6,83,94,138,,119,162,93,85,168,104,131,149,191,178,147,153,219,,96,119,84,95,88,249,286,273,140,93,129,,,,,,,,,
,181.8,230.4,147.6,129.6,88.2,203.4,82,91,138,,120,159,93,90,176,113,119,145,191,172,155,152,216,,97,117,84,97,88,252,288,268,136,92,126,,,,,,,,,
,183.6,234,151.2,129.6,79.2,201.6,80,91,138,,121,157,92,91,180,124,119,148,190,174,160,151,216,,102,112,87,98,91,252,286,263,133,90,123,,,,,,,,,
,185.4,237.6,154.8,131.4,73.8,199.8,81,91,135,,121,155,92,102,181,128,119,149,188,177,165,152,218,,109,108,89,98,92,248,282,258,130,86,120,,,,,,,,,
,187.2,241.2,158.4,136.8,66.6,194.4,81,95,127,,120,152,93,109,181,123,116,152,186,182,170,154,220,,116,104,91,99,96,246,279,251,126,84,118,,,,,,,,,
,190.8,246.6,160.2,140.4,59.4,189,80,99,119,,122,151,92,109,182,131,111,154,185,180,178,154,227,,126,102,90,99,99,244,273,243,124,80,115,,,,,,,,,
,192.6,250.2,162,145.8,54,181.8,80,103,111,,123,146,92,111,179,129,105,161,182,180,184,155,235,,138,100,91,101,99,241,267,240,126,77,114,,,,,,,,,
,194.4,252,162,149.4,48.6,172.8,80,106,104,,122,149,92,115,172,129,100,164,180,183,194,156,234,,145,100,92,103,99,232,264,242,131,76,112,,,,,,,,,
,196.2,255.6,162,153,43.2,163.8,80,109,97,,122,149,91,114,170,121,98,161,177,186,198,158,234,,151,103,94,105,98,217,263,244,141,76,111,,,,,,,,,
,198,255.6,162,156.6,39.6,154.8,78,115,92,,125,148,90,117,162,119,95,154,176,191,201,161,239,,158,107,96,104,95,207,262,247,155,81,110,,,,,,,,,
,201.6,253.8,162,156.6,39.6,144,77,116,85,,127,145,90,121,153,113,94,145,173,193,208,165,244,,165,109,98,104,92,200,247,248,163,88,109,,,,,,,,,
,203.4,253.8,163.8,154.8,39.6,135,77,117,82,,128,141,90,119,154,,93,140,170,189,212,171,246,,166,109,98,104,90,194,246,246,168,103,108,,,,,,,,,
,203.4,253.8,167.4,151.2,39.6,126,76,114,81,,128,138,92,,150,,93,137,170,185,217,175,248,,165,109,98,102,89,189,242,246,171,117,107,,,,,,,,,
,203.4,257.4,169.2,147.6,39.6,118.8,75,111,82,,129,136,93,,146,,91,133,168,180,221,180,244,,166,110,98,97,88,184,238,248,170,126,104,,,,,,,,,
,201.6,261,171,142.2,39.6,111.6,75,108,83,,130,131,94,,142,,90,132,169,182,227,185,242,,170,114,97,93,86,179,230,252,168,139,103,,,,,,,,,
,198,270,172.8,138.6,39.6,102.6,75,106,84,,130,130,96,,140,,90,134,168,182,234,190,242,,172,119,96,89,85,176,229,256,166,148,102,,,,,,,,,
,196.2,279,174.6,138.6,39.6,95.4,76,104,86,,132,127,97,,138,,86,139,170,182,241,194,245,,172,122,95,89,89,172,225,259,163,156,101,,,,,,,,,
,192.6,288,174.6,138.6,39.6,90,77,102,88,,128,127,97,,133,,89,139,167,180,246,196,242,,175,131,95,88,93,166,224,261,160,160,101,,,,,,,,,
,189,298.8,176.4,140.4,39.6,86.4,79,99,90,,127,124,96,,124,,90,140,166,183,250,196,237,,175,133,89,87,96,162,226,263,154,165,100,,,,,,,,,
,185.4,309.6,178.2,142.2,39.6,84.6,77,96,90,,126,122,95,,114,,91,139,162,187,254,194,233,,173,130,88,86,100,155,231,264,152,168,99,,,,,,,,,
,181.8,316.8,178.2,145.8,43.2,81,73,91,94,,123,122,95,,110,,90,139,160,194,259,193,233,,170,129,89,85,105,151,235,263,151,170,100,,,,,,,,,
,178.2,324,176.4,147.6,52.2,79.2,69,87,95,,120,121,95,,106,,84,141,158,200,262,192,237,,170,123,89,86,107,150,237,260,150,173,98,,,,,,,,,
,178.2,329.4,176.4,149.4,66.6,77.4,68,85,96,,121,121,94,,103,,82,146,158,203,267,193,238,,167,111,91,88,108,152,237,258,148,174,97,,,,,,,,,
,176.4,336.6,174.6,149.4,84.6,73.8,68,83,97,,123,114,94,,103,,81,148,159,208,270,196,234,,162,100,91,89,105,154,238,253,142,175,98,,,,,,,,,
,176.4,343.8,176.4,147.6,106.2,72,70,81,99,,121,113,92,,99,,85,152,162,216,274,196,231,,157,92,90,90,101,154,238,247,139,175,99,,,,,,,,,
,174.6,352.8,176.4,144,131.4,70.2,72,82,100,,120,112,95,,95,,86,156,159,219,276,200,228,,154,88,89,91,96,153,237,244,138,174,106,,,,,,,,,
,174.6,363.6,176.4,142.2,158.4,68.4,73,82,102,,119,112,95,,94,,91,153,158,217,278,202,224,,149,87,88,92,91,153,230,241,142,174,119,,,,,,,,,
,171,376.2,176.4,138.6,185.4,66.6,72,82,101,,119,113,92,,93,,101,153,161,221,281,202,221,,142,88,88,90,89,153,225,240,153,176,135,,,,,,,,,
,171,388.8,176.4,133.2,210.6,66.6,72,82,101,,115,113,95,,92,,110,156,165,224,284,204,216,,136,89,90,88,89,152,222,238,164,178,150,,,,,,,,,
,169.2,399.6,174.6,131.4,234,66.6,71,82,99,,116,112,101,,93,,117,158,164,225,289,207,210,,131,90,90,88,94,151,216,236,175,178,162,,,,,,,,,
,165.6,399.6,174.6,129.6,255.6,68.4,70,82,96,,115,114,106,,95,,131,157,165,228,289,208,207,,125,90,89,87,97,149,208,236,187,177,169,,,,,,,,,
,163.8,399.6,174.6,127.8,273.6,72,69,83,94,,107,113,114,,95,,140,154,166,231,285,210,202,,119,90,89,87,100,149,202,237,197,173,171,,,,,,,,,
,162,399.6,174.6,126,288,77.4,70,84,93,,100,113,120,,97,,147,159,166,232,278,212,199,,112,91,88,86,105,150,197,236,206,171,173,,,,,,,,,
,160.2,399.6,174.6,126,298.8,86.4,71,86,92,,94,111,126,,99,,161,159,166,232,275,214,197,,108,91,89,85,107,150,193,233,214,169,173,,,,,,,,,
,158.4,399.6,174.6,126,309.6,97.2,72,88,90,,89,110,132,,94,,169,153,168,230,273,218,195,,106,94,92,84,101,150,189,228,220,168,173,,,,,,,,,
,156.6,399.6,174.6,126,320.4,109.8,72,89,88,,94,109,144,,92,,173,147,169,230,273,218,196,,104,94,96,83,99,148,185,221,223,166,173,,,,,,,,,
,158.4,399.6,172.8,126,331.2,122.4,71,91,87,,93,109,152,,94,,175,140,170,230,274,217,196,,102,96,98,83,104,147,182,214,222,162,172,,,,,,,,,
,160.2,399.6,171,127.8,342,135,69,92,88,,99,110,154,,96,,174,137,172,233,274,219,197,,101,98,100,91,108,145,175,208,219,159,172,,,,,,,,,
,165.6,399.6,169.2,129.6,352.8,147.6,69,96,89,,101,112,155,,98,,174,134,172,236,276,216,197,,101,100,101,90,111,141,171,202,213,128,170,,,,,,,,,
,171,399.6,169.2,133.2,360,158.4,70,103,91,,99,112,158,,97,,172,136,173,237,277,216,195,,99,103,101,100,113,138,168,196,205,126,169,,,,,,,,,
,178.2,399.6,169.2,135,367.2,165.6,74,110,93,,98,111,159,,99,,169,133,174,239,278,213,194,,97,108,100,109,115,136,166,191,200,124,167,,,,,,,,,
,187.2,399.6,171,135,370.8,171,77,122,92,,102,110,162,,101,,167,126,174,241,278,217,186,,95,110,101,110,117,136,162,185,193,127,166,,,,,,,,,
,194.4,399.6,172.8,135,374.4,174.6,80,128,93,,111,112,164,,104,,164,121,174,240,277,215,188,,91,112,103,104,121,139,158,181,184,132,163,,,,,,,,,
,203.4,399.6,174.6,135,376.2,174.6,84,138,91,,119,109,164,,106,,153,116,173,237,276,217,192,,91,110,104,95,124,147,156,177,176,137,161,,,,,,,,,
,214.2,399.6,174.6,133.2,378,174.6,88,148,88,,122,108,165,,108,,146,111,174,232,277,220,201,,93,107,104,89,127,159,154,173,170,141,159,,,,,,,,,
,223.2,399.6,174.6,131.4,378,171,91,158,86,,130,110,160,,110,,134,108,175,227,278,224,206,,96,110,104,86,131,174,152,170,165,150,156,,,,,,,,,
,230.4,399.6,174.6,129.6,378,169.2,94,168,87,,138,107,156,,112,,120,111,175,223,273,227,209,,98,114,106,86,132,189,148,166,160,156,154,,,,,,,,,
,235.8,399.6,172.8,127.8,378,165.6,94,179,89,,141,108,152,,113,,110,115,175,218,263,229,209,,99,117,108,86,131,203,145,162,156,162,152,,,,,,,,,
,239.4,399.6,171,127.8,378,160.2,94,187,92,,142,107,148,,113,,102,119,175,213,254,230,209,,99,120,110,91,127,218,140,159,153,170,150,,,,,,,,,
,241.2,399.6,167.4,129.6,376.2,156.6,93,198,94,,143,107,144,,110,,95,116,176,209,250,228,211,,99,119,111,94,122,227,134,155,151,176,147,,,,,,,,,
,239.4,399.6,167.4,133.2,374.4,153,90,206,98,,141,108,140,,108,,91,118,177,203,246,227,213,,99,121,113,96,118,229,132,152,144,182,143,,,,,,,,,
,237.6,399.6,165.6,140.4,370.8,149.4,89,212,99,,141,103,137,,106,,89,120,177,200,246,229,217,,97,127,115,101,116,225,130,148,134,184,140,,,,,,,,,
,234,399.6,167.4,153,367.2,147.6,89,216,99,,139,103,134,,105,,87,118,176,195,248,228,221,,95,130,119,102,119,222,135,145,128,182,136,,,,,,,,,
,230.4,399.6,169.2,167.4,365.4,144,89,221,100,,141,108,131,,103,,85,115,174,191,249,225,227,,89,128,121,110,119,220,148,144,125,179,131,,,,,,,,,
,225,399.6,171,187.2,361.8,140.4,88,223,99,,140,117,128,,98,,86,110,173,188,252,219,234,,84,125,120,118,117,218,141,141,128,174,128,,,,,,,,,
,219.6,399.6,174.6,205.2,360,136.8,92,225,,,137,123,125,,93,,87,106,171,182,254,214,239,,79,123,118,121,117,219,156,138,134,170,129,,,,,,,,,
,214.2,399.6,178.2,223.2,358.2,135,97,224,,,126,127,123,,96,,88,105,173,176,254,208,243,,76,121,119,122,118,222,177,133,145,167,130,,,,,,,,,
,208.8,399.6,185.4,237.6,352.8,133.2,100,221,,,114,139,119,,100,,90,105,172,173,257,205,246,,75,117,120,120,118,225,201,131,163,166,129,,,,,,,,,
,205.2,399.6,190.8,248.4,349.2,131.4,99,217,,,100,148,111,,107,,99,106,171,169,258,202,250,,75,112,120,123,116,226,225,128,177,164,125,,,,,,,,,
,201.6,399.6,199.8,255.6,345.6,131.4,97,212,,,86,154,102,,110,,113,107,172,163,254,203,252,,77,111,118,131,113,225,244,126,187,164,123,,,,,,,,,
,199.8,399.6,210.6,257.4,342,133.2,94,205,,,72,158,98,,113,,113,109,173,162,252,204,252,,81,109,116,133,110,222,259,128,198,163,124,,,,,,,,,
,199.8,399.6,223.2,257.4,342,135,92,200,,,64,157,94,,114,,115,111,169,161,252,204,258,,88,103,115,132,111,219,287,163,213,163,126,,,,,,,,,
,198,399.6,237.6,255.6,342,140.4,89,195,,,70,156,90,,116,,119,111,167,158,255,207,262,,95,103,120,129,111,216,299,172,225,162,126,,,,,,,,,
,198,399.6,253.8,250.2,347.4,149.4,88,188,,,75,148,86,,123,,121,112,165,155,255,211,267,,104,103,118,130,112,208,309,178,236,162,130,,,,,,,,,
,196.2,399.6,270,246.6,352.8,160.2,86,176,,,82,144,84,,124,,124,115,166,151,255,216,273,,115,104,122,137,110,203,317,196,245,162,137,,,,,,,,,
,194.4,399.6,289.8,239.4,358.2,171,85,163,,,93,142,82,,122,,126,121,173,151,257,219,279,,122,109,129,133,106,198,325,215,254,163,145,,,,,,,,,
,192.6,397.8,309.6,234,361.8,183.6,84,156,,,106,142,77,,119,,126,128,182,149,259,224,279,,117,116,135,138,101,191,334,234,261,165,154,,,,,,,,,
,189,390.6,329.4,230.4,363.6,192.6,85,145,,,113,143,77,,114,,120,133,190,148,263,226,277,,121,121,138,143,102,182,344,250,268,166,166,,,,,,,,,
,189,383.4,347.4,223.2,361.8,199.8,84,130,,,114,143,78,,110,,119,138,194,145,267,227,274,,121,123,139,148,97,172,353,258,274,168,178,,,,,,,,,
,189,378,361.8,219.6,360,203.4,83,115,,,119,140,72,,99,,118,144,200,144,272,228,273,,117,123,141,151,91,167,359,266,281,170,191,,,,,,,,,
,190.8,374.4,372.6,212.4,356.4,201.6,81,107,,,121,141,71,,101,,116,146,202,141,275,229,273,,111,126,140,154,87,166,365,278,285,173,202,,,,,,,,,
,194.4,369,378,205.2,352.8,196.2,82,105,,,125,140,75,,101,,112,146,207,140,275,229,271,,105,132,135,158,85,173,372,286,289,175,213,,,,,,,,,
,201.6,367.2,381.6,198,347.4,190.8,83,105,,,128,133,76,,102,,112,,207,139,274,229,271,,99,143,126,163,86,168,379,293,296,176,215,,,,,,,,,
,210.6,365.4,383.4,192.6,342,185.4,84,104,,,128,129,75,,102,,110,,204,139,274,228,266,,93,152,119,166,88,176,383,293,301,179,215,,,,,,,,,
,221.4,361.8,379.8,185.4,336.6,181.8,85,104,,,127,128,75,,104,,101,,202,139,274,226,262,,91,159,111,170,89,189,388,,299,179,213,,,,,,,,,
,237.6,358.2,378,183.6,329.4,180,86,106,,,120,129,77,,100,,100,,198,136,275,224,256,,89,166,107,168,91,205,394,,299,181,216,,,,,,,,,
,253.8,352.8,376.2,183.6,325.8,180,,106,,,116,132,77,,101,,102,,201,135,273,221,253,,87,167,109,163,97,260,398,,297,179,215,,,,,,,,,
,270,347.4,374.4,185.4,322.2,180,,102,,,137,135,78,,103,,102,,208,135,273,222,256,,85,169,107,161,103,275,397,,290,176,214,,,,,,,,,
,286.2,340.2,374.4,189,318.6,180,,102,,,137,133,82,,105,,106,,213,134,276,222,256,,85,170,108,161,110,276,396,,281,175,214,,,,,,,,,
,300.6,336.6,376.2,192.6,315,180,,100,,,135,129,84,,106,,121,,220,132,278,221,256,,83,173,112,161,113,280,393,,277,173,210,,,,,,,,,
,311.4,333,376.2,194.4,309.6,178.2,,99,,,143,127,90,,106,,116,,231,130,276,221,260,,81,177,116,160,117,281,390,,276,171,206,,,,,,,,,
,318.6,331.2,374.4,196.2,302.4,176.4,,95,,,142,128,98,,105,,112,,235,128,278,221,266,,79,177,121,154,121,283,386,,274,169,203,,,,,,,,,
,322.2,329.4,374.4,196.2,295.2,169.2,,91,,,144,123,104,,106,,105,,241,122,279,220,271,,79,173,125,144,123,285,381,,271,169,199,,,,,,,,,
,324,329.4,372.6,196.2,286.2,162,,88,,,150,117,109,,106,,105,,247,123,278,217,277,,77,191,139,134,122,288,372,,270,170,197,,,,,,,,,
,324,327.6,370.8,198,279,153,,83,,,157,109,110,,107,,108,,255,120,275,212,284,,76,177,146,130,121,289,362,,272,169,192,,,,,,,,,
,324,327.6,374.4,201.6,273.6,142.2,,81,,,,103,108,,108,,102,,262,119,275,210,297,,73,176,148,128,121,288,355,,270,168,188,,,,,,,,,
,324,327.6,376.2,205.2,270,133.2,,79,,,,97,104,,109,,94,,266,120,275,209,301,,71,176,144,128,122,288,350,,268,165,180,,,,,,,,,
,324,327.6,379.8,214.2,266.4,124.2,,77,,,,96,97,,109,,93,,269,119,275,208,307,,70,175,140,127,121,287,349,,262,164,171,,,,,,,,,
,322.2,327.6,383.4,223.2,266.4,117,,75,,,,96,93,,109,,96,,272,119,273,204,313,,70,174,135,129,121,286,347,,252,161,165,,,,,,,,,
,318.6,327.6,387,232.2,264.6,109.8,,74,,,,100,91,,110,,99,,272,119,271,200,315,,96,173,133,132,118,285,345,,242,159,164,,,,,,,,,
,315,327.6,388.8,241.2,264.6,104.4,,72,,,,104,91,,110,,100,,273,120,272,197,320,,101,171,129,134,119,281,341,,235,156,167,,,,,,,,,
,309.6,325.8,392.4,250.2,264.6,100.8,,70,,,,109,94,,111,,102,,273,119,272,201,331,,106,171,128,134,123,276,335,,230,153,169,,,,,,,,,
,304.2,324,394.2,253.8,266.4,97.2,,73,,,,115,95,,110,,104,,272,124,269,203,330,,111,170,134,127,126,270,329,,224,151,172,,,,,,,,,
,300.6,322.2,396,255.6,268.2,95.4,,73,,,,120,98,,108,,104,,268,123,261,205,322,,117,167,136,128,126,261,319,,216,148,178,,,,,,,,,
,295.2,320.4,397.8,253.8,270,95.4,,74,,,,123,99,,102,,102,,262,133,251,207,323,,119,167,131,133,125,250,272,,208,146,183,,,,,,,,,
,291.6,315,397.8,250.2,275.4,95.4,,74,,,,121,101,,94,,101,,255,145,243,214,323,,134,164,127,136,124,241,264,,205,143,211,,,,,,,,,
,288,311.4,399.6,248.4,279,95.4,,76,,,,118,103,,90,,105,,247,153,241,216,323,,147,162,122,137,124,232,269,,205,139,211,,,,,,,,,
,286.2,307.8,399.6,246.6,284.4,97.2,,78,,,,116,104,,98,,109,,242,160,241,223,322,,151,161,114,138,126,226,250,,202,135,209,,,,,,,,,
,284.4,304.2,396,248.4,286.2,102.6,,79,,,,116,106,,105,,111,,254,161,243,227,323,,146,161,107,139,128,218,237,,198,132,209,,,,,,,,,
,282.6,300.6,392.4,250.2,286.2,109.8,,80,,,,119,109,,105,,112,,253,165,242,228,327,,152,161,104,142,126,213,228,,200,131,210,,,,,,,,,
,279,298.8,387,252,286.2,118.8,,81,,,,122,110,,109,,113,,251,168,242,230,313,,151,160,103,141,127,206,222,,208,130,210,,,,,,,,,
,277.2,300.6,381.6,253.8,284.4,131.4,,84,,,,127,111,,113,,120,,250,173,242,231,312,,146,159,106,138,130,201,217,,225,129,206,,,,,,,,,
,273.6,302.4,378,252,282.6,144,,83,,,,134,112,,118,,137,,251,175,243,233,307,,141,157,110,135,130,194,211,,241,130,206,,,,,,,,,
,273.6,304.2,370.8,248.4,282.6,156.6,,83,,,,140,113,,125,,141,,252,179,246,231,295,,138,154,114,128,127,188,206,,254,130,207,,,,,,,,,
,273.6,309.6,367.2,243,282.6,167.4,,86,,,,145,113,,139,,144,,253,181,249,227,274,,139,153,118,120,125,181,200,,263,130,207,,,,,,,,,
,279,311.4,360,239.4,284.4,176.4,,83,,,,148,115,,147,,148,,253,183,249,226,266,,144,153,122,116,125,173,195,,269,131,207,,,,,,,,,
,286.2,315,354.6,237.6,284.4,183.6,,85,,,,149,114,,156,,146,,255,185,250,227,266,,156,152,123,110,125,166,188,,272,131,209,,,,,,,,,
,295.2,315,347.4,235.8,284.4,190.8,,93,,,,149,114,,161,,141,,253,186,250,229,267,,156,149,121,109,126,153,181,,268,132,208,,,,,,,,,
,304.2,313.2,342,234,282.6,196.2,,94,,,,148,113,,164,,132,,251,187,248,248,267,,153,146,118,110,128,143,175,,264,133,203,,,,,,,,,
,311.4,309.6,336.6,234,277.2,203.4,,94,,,,146,113,,168,,125,,248,187,248,246,282,,155,142,119,116,128,134,171,,261,135,200,,,,,,,,,
,318.6,306,329.4,234,273.6,207,,93,,,,,112,,,,120,,245,187,249,254,286,,155,136,119,119,127,129,168,,261,136,198,,,,,,,,,
,320.4,302.4,324,232.2,268.2,210.6,,92,,,,,112,,,,116,,243,187,249,264,289,,156,132,119,120,126,126,164,,265,136,194,,,,,,,,,
,322.2,298.8,318.6,230.4,262.8,212.4,,91,,,,,113,,,,117,,242,187,245,280,292,,156,131,119,122,124,124,160,,268,132,192,,,,,,,,,
,322.2,295.2,313.2,228.6,259.2,214.2,,91,,,,,115,,,,119,,241,186,241,295,291,,154,131,122,127,126,123,156,,269,131,190,,,,,,,,,
,322.2,293.4,306,223.2,255.6,214.2,,91,,,,,118,,,,,,242,187,237,311,281,,151,132,124,131,126,122,153,,268,134,187,,,,,,,,,
,320.4,291.6,302.4,219.6,252,212.4,,90,,,,,117,,,,,,242,185,233,317,275,,153,131,125,131,126,120,150,,268,136,185,,,,,,,,,
,318.6,291.6,297,216,252,214.2,,88,,,,,112,,,,,,242,183,230,325,269,,155,130,129,130,128,,146,,266,135,182,,,,,,,,,
,315,291.6,293.4,212.4,250.2,216,,89,,,,,108,,,,,,234,182,227,327,264,,157,126,131,138,130,,141,,263,134,180,,,,,,,,,
,313.2,291.6,288,210.6,250.2,219.6,,91,,,,,105,,,,,,230,177,225,312,263,,,124,133,137,130,,137,,260,135,178,,,,,,,,,
,309.6,293.4,284.4,207,250.2,223.2,,,,,,,,,,,,,226,178,225,,262,,,,136,130,127,,,,261,136,175,,,,,,,,,
,,,280.8,,,,,,,,,,,,,,,,,,,,,,,,,,,,,,,,,,,,,,,,,
